create table Student (
                         id INT generated by default as identity (start with 1),
                         first_name VARCHAR(50),
                         last_name VARCHAR(50),
                         primary key (id)
);


create table Grade (
                       id INT generated by default as identity (start with 1),

                       subject VARCHAR(40),
                       grade VARCHAR(2),
                       student_id INT,
                           primary key (id)


);


create table address (
                         id INT generated by default as identity (start with 1),

                         street VARCHAR(50),
                         city VARCHAR(50),
                         postal_code VARCHAR(50),
                         student_id INT,
                             primary key (id)

);

alter table address add constraint FKdn791samgdthk1gqaasgepvxq foreign key (student_id) references Student (id);
alter table grade add constraint FKdn791samgdthk1gqaasgepvxkq foreign key (student_id) references Student (id);

insert into Student (id, first_name, last_name) values (0, 'Piper', 'Scarrisbrick');
insert into Student (id, first_name, last_name) values (1, 'Shaine', 'Skingle');
insert into Student (id, first_name, last_name) values (2, 'Cassey', 'Seaborn');
insert into Student (id, first_name, last_name) values (3, 'Tomlin', 'Shakspeare');
insert into Student (id, first_name, last_name) values (4, 'Terrill', 'Po');
insert into Student (id, first_name, last_name) values (5, 'Agretha', 'Tyhurst');
insert into Student (id, first_name, last_name) values (6, 'Sarge', 'Piel');
insert into Student (id, first_name, last_name) values (7, 'Jay', 'O''Doogan');
insert into Student (id, first_name, last_name) values (8, 'Sophie', 'Forth');
insert into Student (id, first_name, last_name) values (9, 'Myrta', 'Sander');




insert into Grade (id, subject, grade, student_id) values (1, 'Math', '4+', 1);
insert into Grade (id, subject, grade, student_id) values (2, 'Math', '2', 2);
insert into Grade (id, subject, grade, student_id) values (3, 'Math', '4+', 3);
insert into Grade (id, subject, grade, student_id) values (4, 'Math', '5', 4);
insert into Grade (id, subject, grade, student_id) values (5, 'Math', '3+', 5);
insert into Grade (id, subject, grade, student_id) values (6, 'Math', '5', 6);
insert into Grade (id, subject, grade, student_id) values (7, 'Math', '4+', 7);
insert into Grade (id, subject, grade, student_id) values (8, 'Math', '3+', 8);
insert into Grade (id, subject, grade, student_id) values (9, 'Math', '5', 9);
insert into Grade (id, subject, grade, student_id) values (10, 'Math', '4+', 0);

insert into Grade (id, subject, grade, student_id) values (11, 'Music', '4', 1);
insert into Grade (id, subject, grade, student_id) values (12, 'Music', '5', 2);
insert into Grade (id, subject, grade, student_id) values (13, 'Music', '5', 3);
insert into Grade (id, subject, grade, student_id) values (14, 'Music', '4+', 4);
insert into Grade (id, subject, grade, student_id) values (15, 'Music', '3+', 5);
insert into Grade (id, subject, grade, student_id) values (16, 'Music', '2', 6);
insert into Grade (id, subject, grade, student_id) values (17, 'Music', '3+', 7);
insert into Grade (id, subject, grade, student_id) values (18, 'Music', '5', 8);
insert into Grade (id, subject, grade, student_id) values (19, 'Music', '4+', 9);
insert into Grade (id, subject, grade, student_id) values (20, 'Music', '3+', 0);

insert into Grade (id, subject, grade, student_id) values (21, 'English', '3+', 1);
insert into Grade (id, subject, grade, student_id) values (22, 'English', '4', 2);
insert into Grade (id, subject, grade, student_id) values (23, 'English', '3', 3);
insert into Grade (id, subject, grade, student_id) values (24, 'English', '5', 4);
insert into Grade (id, subject, grade, student_id) values (25, 'English', '2', 5);
insert into Grade (id, subject, grade, student_id) values (26, 'English', '3', 6);
insert into Grade (id, subject, grade, student_id) values (27, 'English', '5', 7);
insert into Grade (id, subject, grade, student_id) values (28, 'English', '2', 8);
insert into Grade (id, subject, grade, student_id) values (29, 'English', '4', 9);
insert into Grade (id, subject, grade, student_id) values (30, 'English', '3+', 0);

insert into Grade (id, subject, grade, student_id) values (31, 'History', '4+', 1);
insert into Grade (id, subject, grade, student_id) values (32, 'History', '4+', 2);
insert into Grade (id, subject, grade, student_id) values (33, 'History', '2', 3);
insert into Grade (id, subject, grade, student_id) values (34, 'History', '3', 4);
insert into Grade (id, subject, grade, student_id) values (35, 'History', '3', 5);
insert into Grade (id, subject, grade, student_id) values (36, 'History', '4+', 6);
insert into Grade (id, subject, grade, student_id) values (37, 'History', '3+', 7);
insert into Grade (id, subject, grade, student_id) values (38, 'History', '5', 8);
insert into Grade (id, subject, grade, student_id) values (39, 'History', '3+', 9);
insert into Grade (id, subject, grade, student_id) values (0, 'History', '2', 0);



insert into address (id, street, city, postal_code, student_id) values (1, 'Lindbergh', 'San Antonio', null, 0);
insert into address (id, street, city, postal_code, student_id) values (2, 'Manley', 'Devesa', '4970-521', 2);
insert into address (id, street, city, postal_code, student_id) values (3, 'Miller', 'Songshan', null, 7);
insert into address (id, street, city, postal_code, student_id) values (4, 'Upham', 'Sandnes', '4396', 8);
insert into address (id, street, city, postal_code, student_id) values (5, 'Steensland', 'Dongping', null, 5);
insert into address (id, street, city, postal_code, student_id) values (6, 'Bayside', 'Talalora', '6719', 6);
insert into address (id, street, city, postal_code, student_id) values (7, 'Ludington', 'Youlan', null, 5);
insert into address (id, street, city, postal_code, student_id) values (8, 'Dunning', 'Qingfeng', null, 1);
insert into address (id, street, city, postal_code, student_id) values (9, '3rd', 'Jincun', null, 2);
insert into address (id, street, city, postal_code, student_id) values (10, 'Everett', 'Longcheng', null, 0);
insert into address (id, street, city, postal_code, student_id) values (11, 'Shasta', 'Yahotyn', null, 1);
insert into address (id, street, city, postal_code, student_id) values (12, 'Dovetail', 'Colón', null, 3);
insert into address (id, street, city, postal_code, student_id) values (13, 'Waywood', 'Banjar Lalangpasek', null, 2);
insert into address (id, street, city, postal_code, student_id) values (14, 'Sunfield', 'Kittilä', '99101', 9);
insert into address (id, street, city, postal_code, student_id) values (15, 'Tony', 'Greda', '44273', 3);
insert into address (id, street, city, postal_code, student_id) values (16, 'Judy', 'Dingbao', null, 3);
insert into address (id, street, city, postal_code, student_id) values (0, 'Bluejay', 'Kamigyō-ku', '612-8447', 5);





